Name,Height,EyeColor
"Agripina, Hill",169,Black
"Ai, Eckman",160,Black
"Alena, Stockbridge",188,Brown
"Almeda, Combs",165,Brown
"Benny, Kwan",181,Black
"Bobbye, Ruddick",174,Black
"Carlyn, Symes",180,Brown
"Chasity, Roll",162,Brown
"Cyndy, Gillogly",180,Brown
"Deb, Holmberg",160,Brown
"Delmy, Petri",183,Brown
"Dorian, Urrutia",162,Brown
"Duane, Leonardo",174,Black
"Erich, Fargo",163.83,Brown
"Ernie, Runner",167,Brown 
"Grazyna, Riemer",163,Brown
"Heide, Schirmer",182,Brown
"Herma, Lacasse",167.5,Brown
"Hulda, Boner",160,Brown
"Idell, Hollowell",165,Black
"Janna, Braga",175,Brown
"Jasper, Eakes",156,Black
"Joaquina, Madero",196,Brown
"Jule, Brehmer",186,Black
"Kallie, Burnette",164,Brown
"Kamala, Zeiler",170,Brown
"Kasey, Ackerman",170,Black
"Krystina, Deitch",165,Brown
"Larisa, Acres",167,Black
"Lauri, Alvino",170,Brown
"Lenny, Kerrick",160,Black
"Lucilla, Alberts",175,Brown
"Maisie, Drey",170,Brown
"Malissa, Truitt",176,Black
"Mayola, Seibold",161,Black
"Melanie, Defrank",153,Brown
"Myung, Herron",177,Blue
"Perla, Jessop",177,Brown
"Setsuko, Lamirande",162,Black
"Shameka, Mazer",172,Black
"Sheldon, Wittmer",176,Brown
"Tiffanie, Loden",160,Black
"Trudie, Dandrea",173,Brown
"Vernon, Prado",162,Black
"Yolando, Reeser",164,Black
"Yuk, Beltran",177,Black
"Zack, Muench",180,Brown
